市町村コード改廃支庁市郡区町村ふりがな変更
01100札幌市さっぽろし1972.0401新設政令指定都市
01101中央区ちゅうおうく
01102北区きたく
01103東区ひがしく
01104白石区しろいしく
01105豊平区とよひらく
01106南区みなみく
01107西区にしく
01108厚別区あつべつく1989.1106分離←白石区
01109手稲区ていねく1989.1106分離←西区
01110清田区きよたく1997.1104分離←豊平区
01202函館市はこだてし
01203小樽市おたるし
01204旭川市あさひかわし
01205室蘭市むろらんし
01206釧路市くしろし
01207帯広市おびひろし
01208北見市きたみし
01209夕張市ゆうばりし
01210岩見沢市いわみざわし
01211網走市あばしりし
01212留萌市るもいし
01213苫小牧市とまこまいし
01214稚内市わっかないし
01215美唄市びばいし
01216芦別市あしべつし
01217江別市えべつし
01218赤平市あかびらし
01219紋別市もんべつし
01220士別市しべつし
01221名寄市なよろし
01222三笠市みかさし
01223根室市ねむろし
01224千歳市ちとせし
01225滝川市たきかわし
01226砂川市すながわし
01227歌志内市うたしないし
01228深川市ふかがわし
01229富良野市ふらのし
01230登別市のぼりべつし1970.0801新設←登別町
01231恵庭市えにわし1970.1101新設←恵庭町
01233伊達市だてし1972.0401新設←伊達町
01234北広島市きたひろしまし1996.0901改称←広島市（広島町が市制，即日改称）
01235石狩市いしかりし1996.0901新設←石狩町
01236北斗市ほくとし2006.0201新設←上磯町，大野町
01300石狩振興局いしかりしんこうきょく2010.0401改称←石狩支庁
01***石狩郡いしかりぐん
01303当別町とうべつちょう
01304新篠津村しんしのつむら
01330渡島総合振興局おしまそうごうしんこうきょく
01***松前郡まつまえぐん
01331松前町まつまえちょう
01332福島町ふくしまちょう
01***上磯郡かみいそぐん
01333知内町しりうちちょう
01334木古内町きこないちょう
01***亀田郡かめだぐん
01337七飯町ななえちょう
01***茅部郡かやべぐん
01343鹿部町しかべちょう1983.1201町制←鹿部村
01345森町もりまち
01***山越郡やまこしぐん
01347長万部町おしゃまんべちょう
01***二海郡ふたみぐん2005.1001新設←八雲町の区域
01346八雲町やくもちょう2005.1001新設←八雲町，熊石町
01360檜山振興局ひやましんこうきょく2010.0401改称←檜山支庁
01***檜山郡ひやまぐん
01361江差町えさしちょう
01362上ノ国町かみのくにちょう
01363厚沢部町あっさぶちょう
01***爾志郡にしぐん
01364乙部町おとべちょう
01***久遠郡くどおぐん
01371せたな町せたなちょう2005.0901新設←大成町，瀬棚町，北桧山町
01***奥尻郡おくしりぐん
01367奥尻町おくしりちょう
01***瀬棚郡せたなぐん
01370今金町いまかねちょう
01390後志総合振興局しりべしそうごうしんこうきょく2010.0401改称←後志支庁
01***島牧郡しままきぐん
01391島牧村しままきむら
01***寿都郡すっつぐん
01392寿都町すっつちょう
01393黒松内町くろまつないちょう
01***磯谷郡いそやぐん
01394蘭越町らんこしちょう
01***虻田郡あぶたぐん
01395ニセコ町にせこちょう
01396真狩村まっかりむら
01397留寿都村るすつむら
01398喜茂別町きもべつちょう
01399京極町きょうごくちょう
01400倶知安町くっちゃんちょう
01***岩内郡いわないぐん
01401共和町きょうわちょう1971.0401町制←共和村
01402岩内町いわないちょう
01***古宇郡ふるうぐん
01403泊村とまりむら
01404神恵内村かもえないむら
01***積丹郡しゃこたんぐん
01405積丹町しゃこたんちょう
01***古平郡ふるびらぐん
01406古平町ふるびらちょう
01***余市郡よいちぐん
01407仁木町にきちょう
01408余市町よいちちょう
01409赤井川村あかいがわむら
01420空知総合振興局そらちそうごうしんこうきょく2010.0401改称←空知支庁
01***空知郡そらちぐん
01423南幌町なんぽろちょう
01424奈井江町ないえちょう
01425上砂川町かみすながわちょう
01***夕張郡ゆうばりぐん
01427由仁町ゆにちょう
01428長沼町ながぬまちょう
01429栗山町くりやまちょう
01***樺戸郡かばとぐん
01430月形町つきがたちょう
01431浦臼町うらうすちょう
01432新十津川町しんとつかわちょう
01***雨竜郡うりゅうぐん
01433妹背牛町もせうしちょう
01434秩父別町ちっぷべつちょう
01436雨竜町うりゅうちょう
01437北竜町ほくりゅうちょう
01438沼田町ぬまたちょう
01450上川総合振興局かみかわそうごうしんこうきょく2010.0401改称←上川支庁
01***上川郡（石狩国）かみかわぐん
01452鷹栖町たかすちょう1969.0101町制←鷹栖村
01453東神楽町ひがしかぐらちょう
01454当麻町とうまちょう
01455比布町ぴっぷちょう
01456愛別町あいべつちょう
01457上川町かみかわちょう
01458東川町ひがしかわちょう
01459美瑛町びえいちょう
01***空知郡そらちぐん
01460上富良野町かみふらのちょう
01461中富良野町なかふらのちょう
01462南富良野町みなみふらのちょう
01***勇払郡ゆうふつぐん
01463占冠村しむかっぷむら
01***上川郡（天塩国）かみかわぐん
01464和寒町わっさむちょう
01465剣淵町けんぶちちょう
01468下川町しもかわちょう
01***中川郡（天塩国）なかがわぐん
01469美深町びふかちょう
01470音威子府村おといねっぷむら
01471中川町なかがわちょう
01472雨竜郡幌加内町ほろかないちょう2010.0401新設←空知支庁
01480留萌振興局るもいしんこうきょく2010.0401改称←留萌支庁
01***増毛郡ましけぐん
01481増毛町ましけちょう
01***留萌郡るもいぐん
01482小平町おびらちょう
01***苫前郡とままえぐん
01483苫前町とままえちょう
01484羽幌町はぼろちょう
01485初山別村しょさんべつむら
01***天塩郡てしおぐん
01486遠別町えんべつちょう
01487天塩町てしおちょう
01510宗谷総合振興局そうやそうごうしんこうきょく2010.0401改称←宗谷支庁
01***宗谷郡そうやぐん
01511猿払村さるふつむら
01***枝幸郡えさしぐん
01512浜頓別町はまとんべつちょう
01513中頓別町なかとんべつちょう
01514枝幸町えさしちょう
01***天塩郡てしおぐん
01516豊富町とよとみちょう
01520幌延町ほろのべちょう2010.0401新設←留萌支庁
01***礼文郡れぶんぐん
01517礼文町れぶんちょう
01***利尻郡りしりぐん
01518利尻町りしりちょう
01519利尻富士町りしりふじちょう1990.0930改称←東利尻町
01540オホーツク総合振興局おほーつくそうごうしんこうきょく2010.0401改称←網走支庁
01***網走郡あばしりぐん
01543美幌町びほろちょう
01544津別町つべつちょう
01564大空町おおぞらちょう2006.0331新設←女満別町，東藻琴村
01***斜里郡しゃりぐん
01545斜里町しゃりちょう
01546清里町きよさとちょう
01547小清水町こしみずちょう
01***常呂郡ところぐん
01549訓子府町くんねっぷちょう
01550置戸町おけとちょう
01552佐呂間町さろまちょう
01***紋別郡もんべつぐん
01555遠軽町えんがるちょう
01559湧別町ゆうべつちょう
01560滝上町たきのうえちょう
01561興部町おこっぺちょう
01562西興部村にしおこっぺむら
01563雄武町おうむちょう
01570胆振総合振興局いぶりそうごうしんこうきょく2010.0401改称←胆振支庁
01***虻田郡あぶたぐん
01571豊浦町とようらちょう
01584洞爺湖町とうやこちょう2006.0327新設←虻田町，洞爺村
01***有珠郡うすぐん
01575壮瞥町そうべつちょう
01***白老郡しらおいぐん
01578白老町しらおいちょう
01***勇払郡ゆうふつぐん
01581厚真町あつまちょう
01585安平町あびらちょう2006.0327新設←早来町，追分町
01586むかわ町むかわちょう2006.0327新設←鵡川町，穂別町
01600日高振興局ひだかしんこうきょく2010.0401改称←日高支庁
01***沙流郡さるぐん
01601日高町ひだかちょう
01602平取町びらとりちょう
01***新冠郡にいかっぷぐん
01604新冠町にいかっぷちょう
01***浦河郡うらかわぐん
01607浦河町うらかわちょう
01***様似郡さまにぐん
01608様似町さまにちょう
01***幌泉郡ほろいずみぐん
01609えりも町えりもちょう1970.1001改称←幌泉町
01***日高郡ひだかぐん2006.0331新設←新ひだか町の区域
01610新ひだか町しんひだかちょう2006.0331新設←静内町，三石町
01630十勝総合振興局とかちそうごうしんこうきょく2010.0401改称←十勝支庁
01***河東郡かとうぐん
01631音更町おとふけちょう
01632士幌町しほろちょう
01633上士幌町かみしほろちょう
01634鹿追町しかおいちょう
01***上川郡（十勝国）かみかわぐん
01635新得町しんとくちょう
01636清水町しみずちょう
01***河西郡かさいぐん
01637芽室町めむろちょう
01638中札内村なかさつないむら
01639更別村さらべつむら
01***広尾郡ひろおぐん
01641大樹町たいきちょう
01642広尾町ひろおちょう
01***中川郡（十勝国）なかがわぐん
01643幕別町まくべつちょう
01644池田町いけだちょう
01645豊頃町とよころちょう
01646本別町ほんべつちょう
01***足寄郡あしょろぐん
01647足寄町あしょろちょう
01648陸別町りくべつちょう
01***十勝郡とかちぐん
01649浦幌町うらほろちょう
01660釧路総合振興局くしろそうごうしんこうきょく2010.0401改称←釧路支庁
01***釧路郡くしろぐん
01661釧路町くしろちょう1980.0401町制←釧路村
01***厚岸郡あっけしぐん
01662厚岸町あっけしちょう
01663浜中町はまなかちょう
01***川上郡かわかみぐん
01664標茶町しべちゃちょう
01665弟子屈町てしかがちょう
01***阿寒郡あかんぐん
01667鶴居村つるいむら
01***白糠郡しらぬかぐん
01668白糠町しらぬかちょう
01690根室振興局ねむろしんこうきょく2010.0401改称←根室支庁
01***野付郡のつけぐん
01691別海町べつかいちょう1971.0401町制←別海村
01***標津郡しべつぐん
01692中標津町なかしべつちょう
01693標津町しべつちょう
01***目梨郡めなしぐん
01694羅臼町らうすちょう
01***色丹郡しこたんぐんロシア連邦による占領・統治下
01695色丹村しこたんむら
01***国後郡くなしりぐん
01696泊村とまりむら
01697留夜別村るよべつむら
01***択捉郡えとろふぐん
01698留別村るべつむら
01***紗那郡しゃなぐん
01699紗那村しゃなむら
01***蘂取郡しべとぐん
01700蘂取村しべとろむら
市町村コード改廃支庁市郡区町村ふりがな変更
02201青森市あおもりし
02202弘前市ひろさきし
02203八戸市はちのへし
02204黒石市くろいしし
02205五所川原市ごしょがわらし
02206十和田市とわだし
02207三沢市みさわし
02208むつ市むつし
02209つがる市つがるし2005.0211新設←木造町，森田村，柏村，稲垣村，車力村
02210平川市ひらかわし2006.0101新設←平賀町，尾上町，碇ヶ関村
02300東津軽郡ひがしつがるぐん
02301平内町ひらないまち
02303今別町いまべつまち
02304蓬田村よもぎたむら
02307外ヶ浜町そとがはままち2005.0328新設←蟹田町，平舘村，三厩村
02320西津軽郡にしつがるぐん
02321鰺ヶ沢町あじがさわまち
02323深浦町ふかうらまち
02340中津軽郡なかつがるぐん
02343西目屋村にしめやむら
02360南津軽郡みなみつがるぐん
02361藤崎町ふじさきまち
02362大鰐町おおわにまち
02367田舎館村いなかだてむら
02380北津軽郡きたつがるぐん
02381板柳町いたやなぎまち
02384鶴田町つるたまち
02387中泊町なかどまりまち2005.0328新設←中里町，小泊村
02400上北郡かみきたぐん
02401野辺地町のへじまち
02402七戸町しちのへまち
02405六戸町ろくのへまち
02406横浜町よこはままち
02408東北町とうほくまち
02411六ヶ所村ろっかしょむら
02412おいらせ町おいらせまち2006.0301新設←百石町，下田町
02420下北郡しもきたぐん
02423大間町おおままち
02424東通村ひがしどおりむら
02425風間浦村かざまうらむら
02426佐井村さいむら
02440三戸郡さんのへぐん
02441三戸町さんのへまち
02442五戸町ごのへまち
02443田子町たっこまち
02445南部町なんぶまち
02446階上町はしかみちょう1980.0501町制←階上村
02450新郷村しんごうむら
市町村コード改廃支庁市郡区町村ふりがな変更
03201盛岡市もりおかし
03202宮古市みやこし
03203大船渡市おおふなとし
03205花巻市はなまきし
03206北上市きたかみし
03207久慈市くじし
03208遠野市とおのし
03209一関市いちのせきし
03210陸前高田市りくぜんたかたし
03211釜石市かまいしし
03213二戸市にのへし1972.0401新設←福岡町，金田一村
03214八幡平市はちまんたいし2005.0901新設←西根町，安代町，松尾村
03215奥州市おうしゅうし2006.0220新設←水沢市，江刺市，前沢町，胆沢町，衣川村
03216滝沢市たきざわし2014.0101新設←滝沢村
03300岩手郡いわてぐん
03301雫石町しずくいしちょう
03302葛巻町くずまきまち
03303岩手町いわてまち
03320紫波郡しわぐん
03321紫波町しわちょう
03322矢巾町やはばちょう
03360和賀郡わがぐん
03366西和賀町にしわがまち2005.1101新設←湯田町，沢内村
03380胆沢郡いさわぐん
03381金ヶ崎町かねがさきちょう
03400西磐井郡にしいわいぐん
03402平泉町ひらいずみちょう
03440気仙郡けせんぐん
03441住田町すみたちょう
03460上閉伊郡かみへいぐん
03461大槌町おおつちちょう
03480下閉伊郡しもへいぐん
03482山田町やまだまち
03483岩泉町いわいずみちょう
03484田野畑村たのはたむら
03485普代村ふだいむら
03500九戸郡くのへぐん
03501軽米町かるまいまち
03503野田村のだむら
03506九戸村くのへむら
03507洋野町ひろのちょう2006.0101新設←種市町，大野村
03520二戸郡にのへぐん
03524一戸町いちのへまち
市町村コード改廃支庁市郡区町村ふりがな変更
04100仙台市せんだいし1989.0401新設政令指定都市
04101青葉区あおばく
04102宮城野区みやぎのく
04103若林区わかばやしく
04104太白区たいはくく
04105泉区いずみく
04202石巻市いしのまきし
04203塩竃市しおがまし
04205気仙沼市けせんぬまし
04206白石市しろいしし
04207名取市なとりし
04208角田市かくだし
04209多賀城市たがじょうし1971.1101新設←多賀城町
04211岩沼市いわぬまし1971.1101新設←岩沼町
04212登米市とめし2005.0401新設←迫町，登米町，東和町，中田町，豊里町，米山町，石越町，南方町，津山町
04213栗原市くりはらし2005.0401新設←築館町，若柳町，栗駒町，高清水町，一迫町，瀬峰町，鴬沢町，金成町，志波姫町，花山村
04214東松島市ひがしまつしまし2005.0401新設←矢本町，鳴瀬町
04215大崎市おおさきし2006.0331新設←古川市，松山町，三本木町，鹿島台町，岩出山町，鳴子町，田尻町
04216富谷市とみやし2016.1010新設←富谷町
04300刈田郡かったぐん
04301蔵王町ざおうまち
04302七ヶ宿町しちかしゅくまち
04320柴田郡しばたぐん
04321大河原町おおがわらまち
04322村田町むらたまち
04323柴田町しばたまち
04324川崎町かわさきまち
04340伊具郡いぐぐん
04341丸森町まるもりまち
04360亘理郡わたりぐん
04361亘理町わたりちょう
04362山元町やまもとちょう
04400宮城郡みやぎぐん
04401松島町まつしままち
04404七ヶ浜町しちがはままち
04406利府町りふちょう
04420黒川郡くろかわぐん
04421大和町たいわちょう
04422大郷町おおさとちょう
04424大衡村おおひらむら
04440加美郡かみぐん
04444色麻町しかまちょう1978.0401町制←色麻村
04445加美町かみまち2003.0401新設←中新田町，小野田町，宮崎町
04500遠田郡とおだぐん
04501涌谷町わくやちょう
04505美里町みさとまち2006.0101新設←小牛田町，南郷町
04580牡鹿郡おしかぐん
04581女川町おながわちょう
04600本吉郡もとよしぐん
04606南三陸町みなみさんりくちょう2005.1001新設←志津川町，歌津町
市町村コード改廃支庁市郡区町村ふりがな変更
05201秋田市あきたし
05202能代市のしろし
05203横手市よこてし
05204大館市おおだてし
05206男鹿市おがし
05207湯沢市ゆざわし
05209鹿角市かづのし1972.0401新設←花輪町，十和田町，尾去沢町，八幡平村
05210由利本荘市ゆりほんじょうし2005.0322新設←本荘市，矢島町，岩城町，由利町，西目町，鳥海町，東由利町，大内町
05211潟上市かたがみし2005.0322新設←昭和町，飯田川町，天王町
05212大仙市だいせんし2005.0322新設←大曲市，神岡町，西仙北町，中仙町，協和町，南外村，仙北町，太田町
05213北秋田市きたあきたし2005.0322新設←鷹巣町，森吉町，阿仁町，合川町
05214にかほ市にかほし2005.1001新設←仁賀保町，金浦町，象潟町
05215仙北市せんぼくし2005.0920新設←角館町，田沢湖町，西木村
05300鹿角郡かづのぐん
05303小坂町こさかまち
05320北秋田郡きたあきたぐん
05327上小阿仁村かみこあにむら
05340山本郡やまもとぐん
05346藤里町ふじさとまち
05348三種町みたねちょう2005.0320新設←琴丘町，山本町，八竜町
05349八峰町はっぽうちょう2005.0327新設←八森町，峰浜村
05360南秋田郡みなみあきたぐん
05361五城目町ごじょうめまち
05363八郎潟町はちろうがたまち
05366井川町いかわまち1974.0601町制←井川村
05368大潟村おおがたむら
05420仙北郡せんぼくぐん
05434美郷町みさとちょう2004.1101新設←六郷町，千畑町，仙南村
05460雄勝郡おがちぐん
05463羽後町うごまち
05464東成瀬村ひがしなるせむら
市町村コード改廃支庁市郡区町村ふりがな変更
06201山形市やまがたし
06202米沢市よねざわし
06203鶴岡市つるおかし
06204酒田市さかたし
06205新庄市しんじょうし
06206寒河江市さがえし
06207上山市かみのやまし
06208村山市むらやまし
06209長井市ながいし
06210天童市てんどうし
06211東根市ひがしねし
06212尾花沢市おばなざわし
06213南陽市なんようし
06300東村山郡ひがしむらやまぐん
06301山辺町やまのべまち
06302中山町なかやままち
06320西村山郡にしむらやまぐん
06321河北町かほくちょう
06322西川町にしかわまち
06323朝日町あさひまち
06324大江町おおえまち
06340北村山郡きたむらやまぐん
06341大石田町おおいしだまち
06360最上郡もがみぐん
06361金山町かねやままち
06362最上町もがみまち
06363舟形町ふながたまち
06364真室川町まむろがわまち
06365大蔵村おおくらむら
06366鮭川村さけがわむら
06367戸沢村とざわむら
06380東置賜郡ひがしおきたまぐん
06381高畠町たかはたまち
06382川西町かわにしまち
06400西置賜郡にしおきたまぐん
06401小国町おぐにまち
06402白鷹町しらたかまち
06403飯豊町いいでまち
06420東田川郡ひがしたがわぐん
06426三川町みかわまち
06428庄内町しょうないまち2005.0701新設←立川町，余目町
06460飽海郡あくみぐん
06461遊佐町ゆざまち
市町村コード改廃支庁市郡区町村ふりがな変更
07201福島市ふくしまし
07202会津若松市あいづわかまつし
07203郡山市こおりやまし
07204いわき市いわきし
07205白河市しらかわし
07207須賀川市すかがわし
07208喜多方市きたかたし
07209相馬市そうまし
07210二本松市にほんまつし
07211田村市たむらし2005.0301新設←滝根町，大越町，都路村，常葉町，船引町
07212南相馬市みなみそうまし2006.0101新設←原町市，鹿島町，小高町
07213伊達市だてし2006.0101新設←伊達町，梁川町，保原町，霊山町，月舘町
07214本宮市もとみやし2007.0101新設←本宮町，白沢村
07300伊達郡だてぐん
07301桑折町こおりまち
07303国見町くにみまち
07308川俣町かわまたまち
07320安達郡あだちぐん
07322大玉村おおたまむら
07340岩瀬郡いわせぐん
07342鏡石町かがみいしまち
07344天栄村てんえいむら
07360南会津郡みなみあいづぐん
07362下郷町しもごうまち
07364檜枝岐村ひのえまたむら
07367只見町ただみまち
07368南会津町みなみあいづまち2006.0320新設←田島町，舘岩村，伊南村，南郷村
07400耶麻郡やまぐん
07402北塩原村きたしおばらむら
07405西会津町にしあいづまち
07407磐梯町ばんだいまち
07408猪苗代町いなわしろまち
07420河沼郡かわぬまぐん
07421会津坂下町あいづばんげまち
07422湯川村ゆがわむら
07423柳津町やないづまち
07440大沼郡おおぬまぐん
07444三島町みしままち
07445金山町かねやままち
07446昭和村しょうわむら
07447会津美里町あいづみさとまち2005.1001新設←会津高田町，会津本郷町，新鶴村
07460西白河郡にししらかわぐん
07461西郷村にしごうむら
07464泉崎村いずみざきむら
07465中島村なかじまむら
07466矢吹町やぶきまち
07480東白川郡ひがししらかわぐん
07481棚倉町たなぐらまち
07482矢祭町やまつりまち
07483塙町はなわまち
07484鮫川村さめがわむら
07500石川郡いしかわぐん
07501石川町いしかわまち
07502玉川村たまかわむら
07503平田村ひらたむら
07504浅川町あさかわまち
07505古殿町ふるどのまち1994.0401新設←東白川郡
07520田村郡たむらぐん
07521三春町みはるまち
07522小野町おのまち
07540双葉郡ふたばぐん
07541広野町ひろのまち
07542楢葉町ならはまち
07543富岡町とみおかまち
07544川内村かわうちむら
07545大熊町おおくままち
07546双葉町ふたばまち
07547浪江町なみえまち
07548葛尾村かつらおむら
07560相馬郡そうまぐん
07561新地町しんちまち1971.0801町制←新地村
07564飯舘村いいたてむら
市町村コード改廃支庁市郡区町村ふりがな変更
08201水戸市みとし
08202日立市ひたちし
08203土浦市つちうらし
08204古河市こがし
08205石岡市いしおかし
08207結城市ゆうきし
08208龍ヶ崎市りゅうがさきし
08210下妻市しもつまし
08211常総市じょうそうし2006.0101改称←水海道市（石下町を編入，即日改称）
08212常陸太田市ひたちおおたし
08214高萩市たかはぎし
08215北茨城市きたいばらきし
08216笠間市かさまし
08217取手市とりでし1970.1001新設←取手町
08219牛久市うしくし1986.0601新設←牛久町
08220つくば市つくばし1987.1130新設←桜村，谷田部町，豊里町，大穂町
08221ひたちなか市ひたちなかし1994.1101新設←那珂湊市，勝田市
08222鹿嶋市かしまし1995.0901新設←鹿嶋町
08223潮来市いたこし2001.0401新設←潮来町
08224守谷市もりやし2002.0202新設←守谷町
08225常陸大宮市ひたちおおみやし2004.1016新設←常陸大宮町
08226那珂市なかし2005.0121新設←那珂町
08227筑西市ちくせいし2005.0328新設←下館市，関城町，明野町，協和町
08228坂東市ばんどうし2005.0322新設←岩井市，猿島町
08229稲敷市いなしきし2005.0322新設←江戸崎町，新利根町，桜川村，東町
08230かすみがうら市かすみがうらし2005.0328新設←霞ヶ浦町，千代田町
08231桜川市さくらがわし2005.1001新設←岩瀬町，真壁町，大和村
08232神栖市かみすし2005.0801新設←神栖町
08233行方市なめがたし2005.0902新設←麻生町，北浦町，玉造町
08234鉾田市ほこたし2005.1011新設←旭村，鉾田町，大洋村
08235つくばみらい市つくばみらいし2006.0327新設←伊奈町，谷和原村
08236小美玉市おみたまし2006.0327新設←小川町，美野里町，玉里村
08300東茨城郡ひがしいばらきぐん
08302茨城町いばらきまち
08309大洗町おおあらいまち
08310城里町しろさとまち2005.0201新設←常北町，桂村，七会村
08340那珂郡なかぐん
08341東海村とうかいむら
08360久慈郡くじぐん
08364大子町だいごまち
08440稲敷郡いなしきぐん
08442美浦村みほむら
08443阿見町あみまち
08447河内町かわちまち1996.0601町制←河内村
08520結城郡ゆうきぐん
08521八千代町やちよまち1972.0201町制←八千代村
08540猿島郡さしまぐん
08542五霞町ごかまち1996.0601町制←五霞村
08546境町さかいまち
08560北相馬郡きたそうまぐん
08564利根町とねまち
市町村コード改廃支庁市郡区町村ふりがな変更
09201宇都宮市うつのみやし
09202足利市あしかがし
09203栃木市とちぎし
09204佐野市さのし
09205鹿沼市かぬまし
09206日光市にっこうし
09208小山市おやまし
09209真岡市もおかし
09210大田原市おおたわらし
09211矢板市やいたし
09213那須塩原市なすしおばらし2005.0101新設←黒磯市，西那須野町，塩原町
09214さくら市さくらし2005.0328新設←氏家町，喜連川町
09215那須烏山市なすからすやまし2005.1001新設←南那須町，烏山町
09216下野市しもつけし2006.0110新設←南河内町，石橋町，国分寺町
09300河内郡かわちぐん
09301上三川町かみのかわまち
09340芳賀郡はがぐん
09342益子町ましこまち
09343茂木町もてぎまち
09344市貝町いちかいまち1972.0101町制←市貝村
09345芳賀町はがまち
09360下都賀郡しもつがぐん
09361壬生町みぶまち
09364野木町のぎまち
09380塩谷郡しおやぐん
09384塩谷町しおやまち
09386高根沢町たかねざわまち
09400那須郡なすぐん
09407那須町なすまち
09411那珂川町なかがわまち2005.1001新設←馬頭町，小川町
市町村コード改廃支庁市郡区町村ふりがな変更
10201前橋市まえばしし
10202高崎市たかさきし
10203桐生市きりゅうし
10204伊勢崎市いせさきし
10205太田市おおたし
10206沼田市ぬまたし
10207館林市たてばやしし
10208渋川市しぶかわし
10209藤岡市ふじおかし
10210富岡市とみおかし
10211安中市あんなかし
10212みどり市みどりし2006.0327新設←笠懸町，大間々町，東村
10340北群馬郡きたぐんまぐん
10344榛東村しんとうむら
10345吉岡町よしおかまち1991.0401町制←吉岡村
10360多野郡たのぐん
10366上野村うえのむら
10367神流町かんなまち2003.0401新設←万場町，中里村
10380甘楽郡かんらぐん
10382下仁田町しもにたまち
10383南牧村なんもくむら
10384甘楽町かんらまち
10420吾妻郡あがつまぐん
10421中之条町なかのじょうまち
10424長野原町ながのはらまち
10425嬬恋村つまごいむら
10426草津町くさつまち
10428高山村たかやまむら
10429東吾妻町ひがしあがつままち2006.0327新設←東村，吾妻町
10440利根郡とねぐん
10443片品村かたしなむら
10444川場村かわばむら
10448昭和村しょうわむら
10449みなかみ町みなかみまち2005.1001新設←月夜野町，水上町，新治村
10460佐波郡さわぐん
10464玉村町たまむらまち
10520邑楽郡おうらぐん
10521板倉町いたくらまち
10522明和町めいわまち1998.1001町制←明和村
10523千代田町ちよだまち1982.0401町制←千代田村
10524大泉町おおいずみまち
10525邑楽町おうらまち
市町村コード改廃支庁市郡区町村ふりがな変更
11100さいたま市さいたまし2003.0401新設政令指定都市
11101西区にしく
11102北区きたく
11103大宮区おおみやく
11104見沼区みぬまく
11105中央区ちゅうおうく
11106桜区さくらく
11107浦和区うらわく
11108南区みなみく
11109緑区みどりく
11110岩槻区いわつきく2005.0401新設←岩槻市
11201川越市かわごえし
11202熊谷市くまがやし
11203川口市かわぐちし
11206行田市ぎょうだし
11207秩父市ちちぶし
11208所沢市ところざわし
11209飯能市はんのうし
11210加須市かぞし
11211本庄市ほんじょうし
11212東松山市ひがしまつやまし
11214春日部市かすかべし
11215狭山市さやまし
11216羽生市はにゅうし
11217鴻巣市こうのすし
11218深谷市ふかやし
11219上尾市あげおし
11221草加市そうかし
11222越谷市こしがやし
11223蕨市わらびし
11224戸田市とだし
11225入間市いるまし
11227朝霞市あさかし
11228志木市しきし1970.1026新設←志木町
11229和光市わこうし1970.1031新設←和光町
11230新座市にいざし1970.1101新設←新座町
11231桶川市おけがわし1970.1103新設←桶川町
11232久喜市くきし1971.1001新設←久喜町
11233北本市きたもとし1971.1103新設←北本町
11234八潮市やしおし1972.0115新設←八潮町
11235富士見市ふじみし1972.0410新設←富士見町
11237三郷市みさとし1972.0503新設←三郷町
11238蓮田市はすだし1972.1001新設←蓮田町
11239坂戸市さかどし1976.0901新設←坂戸町
11240幸手市さってし1986.1001新設←幸手町
11241鶴ヶ島市つるがしまし1991.0901新設←鶴ヶ島町
11242日高市ひだかし1991.1001新設←日高町
11243吉川市よしかわし1996.0401新設←吉川町
11245ふじみ野市ふじみのし2005.1001新設←上福岡市，大井町
11246白岡市しらおかし2012.1001新設←白岡町
11300北足立郡きたあだちぐん
11301伊奈町いなまち1970.1101町制←伊奈村
11320入間郡いるまぐん
11324三芳町みよしまち1970.1103町制←三芳村
11326毛呂山町もろやままち
11327越生町おごせまち
11340比企郡ひきぐん
11341滑川町なめがわまち1984.1103町制←滑川村
11342嵐山町らんざんまち
11343小川町おがわまち
11346川島町かわしままち1972.1103町制←川島村
11347吉見町よしみまち1972.1103町制←吉見村
11348鳩山町はとやままち1982.0401町制←鳩山村
11349ときがわ町ときがわまち2006.0201新設←都幾川村，玉川村
11360秩父郡ちちぶぐん
11361横瀬町よこぜまち1984.1001町制←横瀬村
11362皆野町みなのまち
11363長瀞町ながとろまち1972.1101改称←野上町
11365小鹿野町おがのまち
11369東秩父村ひがしちちぶむら
11380児玉郡こだまぐん
11381美里町みさとまち1984.1001町制←美里村
11383神川町かみかわまち1987.1001町制←神川村
11385上里町かみさとまち1971.1103町制←上里村
11400大里郡おおさとぐん
11408寄居町よりいまち
11440南埼玉郡みなみさいたまぐん
11442宮代町みやしろまち
11460北葛飾郡きたかつしかぐん
11464杉戸町すぎとまち
11465松伏町まつぶしまち1969.0401町制←松伏村
市町村コード改廃支庁市郡区町村ふりがな変更
12100千葉市ちばし1992.0401新設政令指定都市
12101中央区ちゅうおうく
12102花見川区はなみがわく
12103稲毛区いなげく
12104若葉区わかばく
12105緑区みどりく
12106美浜区みはまく
12202銚子市ちょうしし
12203市川市いちかわし
12204船橋市ふなばしし
12205館山市たてやまし
12206木更津市きさらづし
12207松戸市まつどし
12208野田市のだし
12210茂原市もばらし
12211成田市なりたし
12212佐倉市さくらし
12213東金市とうがねし
12215旭市あさひし
12216習志野市ならしのし
12217柏市かしわし
12218勝浦市かつうらし
12219市原市いちはらし
12220流山市ながれやまし
12221八千代市やちよし
12222我孫子市あびこし1970.0701新設←我孫子町
12223鴨川市かもがわし1971.0331新設←江見町，長狭町，鴨川町
12224鎌ヶ谷市かまがやし1971.0901新設←鎌ヶ谷町
12225君津市きみつし1971.0901新設←君津町
12226富津市ふっつし1971.0901新設←富津町
12227浦安市うらやすし1981.0401新設←浦安町
12228四街道市よつかいどうし1981.0401新設←四街道町
12229袖ヶ浦市そでがうらし1991.0401新設←袖ヶ浦町
12230八街市やちまたし1992.0401新設←八街町
12231印西市いんざいし1996.0401新設←印西町
12232白井市しろいし2001.0401新設←白井町
12233富里市とみさとし2002.0401新設←富里町
12234南房総市みなみぼうそうし2006.0320新設←富浦町，富山町，三芳村，白浜町，千倉町，丸山町，和田町
12235匝瑳市そうさし2006.0123新設←八日市場市，野栄町
12236香取市かとりし2006.0327新設←佐原市，山田町，栗源町，小見川町
12237山武市さんむし2006.0327新設←成東町，山武町，蓮沼村，松尾町
12238いすみ市いすみし2005.1205新設←夷隅町，大原町，岬町
12239大網白里市おおあみしらさとし2013.0101新設←大網白里町
12320印旛郡いんばぐん
12322酒々井町しすいまち
12329栄町さかえまち
12340香取郡かとりぐん
12342神崎町こうざきまち
12347多古町たこまち
12349東庄町とうのしょうまち
12400山武郡さんぶぐん
12403九十九里町くじゅうくりまち
12409芝山町しばやままち
12410横芝光町よこしばひかりまち2006.0327新設←横芝町，光町
12420長生郡ちょうせいぐん
12421一宮町いちのみやまち
12422睦沢町むつざわまち1983.0401町制←睦沢村
12423長生村ちょうせいむら
12424白子町しらこまち
12426長柄町ながらまち
12427長南町ちょうなんまち
12440夷隅郡いすみぐん
12441大多喜町おおたきまち
12443御宿町おんじゅくまち
12460安房郡あわぐん
12463鋸南町きょなんまち
市町村コード改廃支庁市郡区町村ふりがな変更
13100特別区部（とくべつくぶ）
13101千代田区ちよだく
13102中央区ちゅうおうく
13103港区みなとく
13104新宿区しんじゅくく
13105文京区ぶんきょうく
13106台東区たいとうく
13107墨田区すみだく
13108江東区こうとうく
13109品川区しながわく
13110目黒区めぐろく
13111大田区おおたく
13112世田谷区せたがやく
13113渋谷区しぶやく
13114中野区なかのく
13115杉並区すぎなみく
13116豊島区としまく
13117北区きたく
13118荒川区あらかわく
13119板橋区いたばしく
13120練馬区ねりまく
13121足立区あだちく
13122葛飾区かつしかく
13123江戸川区えどがわく
13201八王子市はちおうじし
13202立川市たちかわし
13203武蔵野市むさしのし
13204三鷹市みたかし
13205青梅市おうめし
13206府中市ふちゅうし
13207昭島市あきしまし
13208調布市ちょうふし
13209町田市まちだし
13210小金井市こがねいし
13211小平市こだいらし
13212日野市ひのし
13213東村山市ひがしむらやまし
13214国分寺市こくぶんじし
13215国立市くにたちし
13218福生市ふっさし1970.0701新設←福生町
13219狛江市こまえし1970.1001新設←狛江町
13220東大和市ひがしやまとし1970.1001改称←大和市（大和町が市制，即日改称）
13221清瀬市きよせし1970.1001新設←清瀬町
13222東久留米市ひがしくるめし1970.1001改称←久留米市（久留米町が市制，即日改称）
13223武蔵村山市むさしむらやまし1970.1103改称←村山市（村山町が市制，即日改称）
13224多摩市たまし1971.1101新設←多摩町
13225稲城市いなぎし1971.1101新設←稲城町
13227羽村市はむらし1991.1101新設←羽村町
13228あきる野市あきるのし1995.0901新設←秋川市，五日市町
13229西東京市にしとうきょうし2001.0121新設←田無市，保谷市
13300西多摩郡にしたまぐん
13303瑞穂町みずほまち
13305日の出町ひのでまち1974.0601町制←日の出村
13307檜原村ひのはらむら
13308奥多摩町おくたままち
13360大島支庁おおしましちょう
13361大島町おおしままち
13362利島村としまむら
13363新島村にいじまむら1992.0401改称←新島本村
13364神津島村こうづしまむら
13380三宅支庁みやけしちょう
13381三宅村みやけむら
13382御蔵島村みくらじまむら
13400八丈支庁はちじょうしちょう
13401八丈町はちじょうまち
13402青ヶ島村あおがしまむら
13420小笠原支庁おがさわらしちょう
13421小笠原村おがさわらむら
市町村コード改廃支庁市郡区町村ふりがな変更
14100横浜市よこはまし政令指定都市
14101鶴見区つるみく
14102神奈川区かながわく
14103西区にしく
14104中区なかく
14105南区みなみく
14106保土ヶ谷区ほどがやく
14107磯子区いそごく
14108金沢区かなざわく
14109港北区こうほくく
14110戸塚区とつかく
14111港南区こうなんく1969.1001分離←南区
14112旭区あさひく1969.1001分離←保土ヶ谷区
14113緑区みどりく1969.1001分離←港北区
14114瀬谷区せやく1969.1001分離←戸塚区
14115栄区さかえく1986.1103分離←戸塚区
14116泉区いずみく1986.1103分離←戸塚区
14117青葉区あおばく1994.1106分離←港北区，緑区
14118都筑区つづきく1994.1106分離←港北区，緑区
14130川崎市かわさきし1972.0401新設政令指定都市
14131川崎区かわさきく
14132幸区さいわいく
14133中原区なかはらく
14134高津区たかつく
14135多摩区たまく
14136宮前区みやまえく1982.0701分離←高津区
14137麻生区あさおく1982.0701分離←多摩区
14150相模原市さがみはらし2010.0401新設政令指定都市
14151緑区みどりく
14152中央区ちゅうおうく
14153南区みなみく
14201横須賀市よこすかし
14203平塚市ひらつかし
14204鎌倉市かまくらし
14205藤沢市ふじさわし
14206小田原市おだわらし
14207茅ヶ崎市ちがさきし
14208逗子市ずしし
14210三浦市みうらし
14211秦野市はだのし
14212厚木市あつぎし
14213大和市やまとし
14214伊勢原市いせはらし1971.0301新設←伊勢原町
14215海老名市えびなし1971.1101新設←海老名町
14216座間市ざまし1971.1101新設←座間町
14217南足柄市みなみあしがらし1972.0401新設←南足柄町
14218綾瀬市あやせし1978.1101新設←綾瀬町
14300三浦郡みうらぐん
14301葉山町はやままち
14320高座郡こうざぐん
14321寒川町さむかわまち
14340中郡なかぐん
14341大磯町おおいそまち
14342二宮町にのみやまち
14360足柄上郡あしがらかみぐん
14361中井町なかいまち
14362大井町おおいまち
14363松田町まつだまち
14364山北町やまきたまち
14366開成町かいせいまち
14380足柄下郡あしがらしもぐん
14382箱根町はこねまち
14383真鶴町まなつるまち
14384湯河原町ゆがわらまち
14400愛甲郡あいこうぐん
14401愛川町あいかわまち
14402清川村きよかわむら
市町村コード改廃支庁市郡区町村ふりがな変更
15100新潟市にいがたし2007.0401新設政令指定都市
15101北区きたく
15102東区ひがしく
15103中央区ちゅうおうく
15104江南区こうなんく
15105秋葉区あきはく
15106南区みなみく
15107西区にしく
15108西蒲区にしかんく
15202長岡市ながおかし
15204三条市さんじょうし
15205柏崎市かしわざきし
15206新発田市しばたし
15208小千谷市おぢやし
15209加茂市かもし
15210十日町市とおかまちし
15211見附市みつけし
15212村上市むらかみし
15213燕市つばめし
15216糸魚川市いといがわし
15217妙高市みょうこうし2005.0401改称←新井市（妙高高原町，妙高村を編入，即日改称）
15218五泉市ごせんし
15222上越市じょうえつし1971.0429新設←高田市，直江津市
15223阿賀野市あがのし2004.0401新設←安田町，京ヶ瀬村，水原町，笹神村
15224佐渡市さどし2004.0301新設←両津市；相川町，佐和田町，金井町，新穂村，畑野町，真野町，小木町，羽茂町，赤泊村
15225魚沼市うおぬまし2004.1101新設←堀之内町，小出町，湯之谷村，広神村，守門村，入広瀬村
15226南魚沼市みなみうおぬまし2004.1101新設←六日町，大和町
15227胎内市たいないし2005.0901新設←中条町，黒川村
15300北蒲原郡きたかんばらぐん
15307聖籠町せいろうまち1977.0801町制←聖籠村
15340西蒲原郡にしかんばらぐん
15342弥彦村やひこむら
15360南蒲原郡みなみかんばらぐん
15361田上町たがみまち1973.0801 町制←田上村
15380東蒲原郡ひがしかんばらぐん
15385阿賀町あがまち2005.0401新設←津川町，鹿瀬町，上川村，三川村
15400三島郡さんとうぐん
15405出雲崎町いずもざきまち
15460南魚沼郡みなみうおぬまぐん
15461湯沢町ゆざわまち
15480中魚沼郡なかうおぬまぐん
15482津南町つなんまち
15500刈羽郡かりわぐん
15504刈羽村かりわむら
15580岩船郡いわふねぐん
15581関川村せきかわむら
15586粟島浦村あわしまうらむら
市町村コード改廃支庁市郡区町村ふりがな変更
16201富山市とやまし
16202高岡市たかおかし
16204魚津市うおづし
16205氷見市ひみし
16206滑川市なめりかわし
16207黒部市くろべし
16208砺波市となみし
16209小矢部市おやべし
16210南砺市なんとし2004.1101新設←城端町，平村，上平村，利賀村，井波町，井口村，福野町，福光町
16211射水市いみずし2005.1101新設←新湊市，小杉町，大門町，下村，大島町
16320中新川郡なかにいかわぐん
16321舟橋村ふなはしむら
16322上市町かみいちまち
16323立山町たてやままち
16340下新川郡しもにいかわぐん
16342入善町にゅうぜんまち
16343朝日町あさひまち
市町村コード改廃支庁市郡区町村ふりがな変更
17201金沢市かなざわし
17202七尾市ななおし
17203小松市こまつし
17204輪島市わじまし
17205珠洲市すずし
17206加賀市かがし
17207羽咋市はくいし
17209かほく市かほくし2004.0301新設←高松町，七塚町，宇ノ気町
17210白山市はくさんし2005.0201新設←松任市，美川町，鶴来町，河内村，吉野谷村，鳥越村，尾口村，白峰村
17211能美市のみし2005.0201新設←根上町，寺井町，辰口町
17212野々市市ののいちし2011.1111新設←野々市町
17320能美郡のみぐん
17324川北町かわきたまち1980.0401町制←川北村
17360河北郡かほくぐん
17361津幡町つばたまち
17365内灘町うちなだまち
17380羽咋郡はくいぐん
17384志賀町しかまち
17386宝達志水町ほうだつしみずちょう2005.0301新設←志雄町，押水町
17400鹿島郡かしまぐん
17407中能登町なかのとまち2005.0301新設←鳥屋町，鹿島町，鹿西町
17460鳳珠郡ほうすぐん2005.0301新設←鳳至郡，珠洲郡
17461穴水町あなみずまち2005.0301新設←鳳至郡
17463能登町のとちょう2005.0301新設←能都町，柳田村，内浦町
市町村コード改廃支庁市郡区町村ふりがな変更
18201福井市ふくいし
18202敦賀市つるがし
18204小浜市おばまし
18205大野市おおのし
18206勝山市かつやまし
18207鯖江市さばえし
18208あわら市あわらし2004.0301新設←芦原町，金津町
18209越前市えちぜんし2005.1001新設←武生市，今立町
18210坂井市さかいし2006.0320新設←三国町，丸岡町，春江町，坂井町
18320吉田郡よしだぐん
18322永平寺町えいへいじちょう
18380今立郡いまだてぐん
18382池田町いけだちょう
18400南条郡なんじょうぐん
18404南越前町みなみえちぜんちょう2005.0101新設←南条町，今庄町，河野村
18420丹生郡にゅうぐん
18423越前町えちぜんちょう
18440三方郡みかたぐん
18442美浜町みはまちょう
18480大飯郡おおいぐん
18481高浜町たかはまちょう
18483おおい町おおいちょう2006.0303新設←名田庄村，大飯町
18500三方上中郡みかたかみなかぐん2005.0331新設若狭町の区域
18501若狭町わかさちょう2005.0331新設←三方町，上中町
市町村コード改廃支庁市郡区町村ふりがな変更
19201甲府市こうふし
19202富士吉田市ふじよしだし
19204都留市つるし
19205山梨市やまなしし
19206大月市おおつきし
19207韮崎市にらさきし
19208南アルプス市みなみあるぷすし2003.0401新設←八田村，白根町，芦安村，若草町，櫛形町，甲西町
19209北杜市ほくとし2004.1101新設←明野村，須玉町，高根町，長坂町，大泉村，白州町，武川村
19210甲斐市かいし2004.0901新設←竜王町，敷島町，双葉町
19211笛吹市ふえふきし2004.1012新設←春日居町，石和町，御坂町，一宮町，八代町，境川村
19212上野原市うえのはらし2005.0213新設←上野原町，秋山村
19213甲州市こうしゅうし2005.1101新設←塩山市，勝沼町，大和村
19214中央市ちゅうおうし2006.0220新設←玉穂町，田富町，豊富村
19340西八代郡にしやつしろぐん
19346市川三郷町いちかわみさとちょう2005.1001新設←三珠町，市川大門町，六郷町
19360南巨摩郡みなみこまぐん
19364早川町はやかわちょう
19365身延町みのぶちょう
19366南部町なんぶちょう
19368富士川町ふじかわちょう2010.0308新設←増穂町，鰍沢町
19380中巨摩郡なかこまぐん
19384昭和町しょうわちょう1971.0401町制←昭和村
19420南都留郡みなみつるぐん
19422道志村どうしむら
19423西桂町にしかつらちょう
19424忍野村おしのむら
19425山中湖村やまなかこむら
19429鳴沢村なるさわむら
19430富士河口湖町ふじかわぐちこまち2003.1115新設←河口湖町，勝山村，足和田村
19440北都留郡きたつるぐん
19442小菅村こすげむら
19443丹波山村たばやまむら
市町村コード改廃支庁市郡区町村ふりがな変更
20201長野市ながのし
20202松本市まつもとし
20203上田市うえだし
20204岡谷市おかやし
20205飯田市いいだし
20206諏訪市すわし
20207須坂市すざかし
20208小諸市こもろし
20209伊那市いなし
20210駒ヶ根市こまがねし
20211中野市なかのし
20212大町市おおまちし
20213飯山市いいやまし
20214茅野市ちのし
20215塩尻市しおじりし
20217佐久市さくし
20218千曲市ちくまし2003.0901新設←更埴市，上山田町，戸倉町
20219東御市とうみし2004.0401新設←北御牧村，東部町
20220安曇野市あづみのし2005.1001新設←明科町，豊科町，穂高町，三郷村，堀金村
20300南佐久郡みなみさくぐん
20303小海町こうみまち
20304川上村かわかみむら
20305南牧村みなみまきむら
20306南相木村みなみあいきむら
20307北相木村きたあいきむら
20309佐久穂町さくほまち2005.0320新設←佐久町，八千穂村
20320北佐久郡きたさくぐん
20321軽井沢町かるいざわまち
20323御代田町みよたまち
20324立科町たてしなまち
20340小県郡ちいさがたぐん
20349青木村あおきむら
20350長和町ながわまち2005.1001新設←長門町，和田村
20360諏訪郡すわぐん
20361下諏訪町しもすわまち
20362富士見町ふじみまち
20363原村はらむら
20380上伊那郡かみいなぐん
20382辰野町たつのまち
20383箕輪町みのわまち
20384飯島町いいじままち
20385南箕輪村みなみみのわむら
20386中川村なかがわむら
20388宮田村みやだむら
20400下伊那郡しもいなぐん
20402松川町まつかわまち
20403高森町たかもりまち
20404阿南町あなんちょう
20407阿智村あちむら
20409平谷村ひらやむら
20410根羽村ねばむら
20411下條村しもじょうむら
20412売木村うるぎむら
20413天龍村てんりゅうむら
20414泰阜村やすおかむら
20415喬木村たかぎむら
20416豊丘村とよおかむら
20417大鹿村おおしかむら
20420木曽郡きそぐん
20422上松町あげまつまち
20423南木曽町なぎそまち
20425木祖村きそむら
20429王滝村おうたきむら
20430大桑村おおくわむら
20432木曽町きそまち2005.1101新設←木曽福島町，日義村，開田村，三岳村
20440東筑摩郡ひがしちくまぐん
20446麻績村おみむら
20448生坂村いくさかむら
20450山形村やまがたむら
20451朝日村あさひむら
20452筑北村ちくほくむら2005.1011新設←本城村，坂北村，坂井村
20480北安曇郡きたあずみぐん
20481池田町いけだまち
20482松川村まつかわむら
20485白馬村はくばむら
20486小谷村おたりむら
20520埴科郡はにしなぐん
20521坂城町さかきまち
20540上高井郡かみたかいぐん
20541小布施町おぶせまち
20543高山村たかやまむら
20560下高井郡しもたかいぐん
20561山ノ内町やまのうちまち
20562木島平村きじまだいらむら
20563野沢温泉村のざわおんせんむら
20580上水内郡かみみのちぐん
20583信濃町しなのまち
20588小川村おがわむら
20590飯綱町いいづなまち2005.1001新設←牟礼村，三水村
20600下水内郡しもみのちぐん
20602栄村さかえむら
市町村コード改廃支庁市郡区町村ふりがな変更
21201岐阜市ぎふし
21202大垣市おおがきし
21203高山市たかやまし
21204多治見市たじみし
21205関市せきし
21206中津川市なかつがわし
21207美濃市みのし
21208瑞浪市みずなみし
21209羽島市はしまし
21210恵那市えなし
21211美濃加茂市みのかもし
21212土岐市ときし
21213各務原市かかみがはらし
21214可児市かにし1982.0401新設←可児町
21215山県市やまがたし2003.0401新設←高富町，伊自良村，美山町
21216瑞穂市みずほし2003.0501新設←穂積町，巣南町
21217飛騨市ひだし2004.0201新設←古川町，河合村，宮川村，神岡町
21218本巣市もとすし2004.0201新設←本巣町，真正町，糸貫町，根尾村
21219郡上市ぐじょうし2004.0301新設←八幡町，大和町，白鳥町，高鷲村，美並村，明宝村，和良村
21220下呂市げろし2004.0301新設←萩原町，小坂町，下呂町，金山町，馬瀬村
21221海津市かいづし2005.0328新設←海津町，平田町，南濃町
21300羽島郡はしまぐん
21302岐南町ぎなんちょう
21303笠松町かさまつちょう
21340養老郡ようろうぐん
21341養老町ようろうちょう
21360不破郡ふわぐん
21361垂井町たるいちょう
21362関ヶ原町せきがはらちょう
21380安八郡あんぱちぐん
21381神戸町ごうどちょう
21382輪之内町わのうちちょう
21383安八町あんぱちちょう
21400揖斐郡いびぐん
21401揖斐川町いびがわちょう
21403大野町おおのちょう
21404池田町いけだちょう
21420本巣郡もとすぐん
21421北方町きたがたちょう
21500加茂郡かもぐん
21501坂祝町さかほぎちょう
21502富加町とみかちょう1974.0701町制←富加村
21503川辺町かわべちょう
21504七宗町ひちそうちょう1971.0401町制←七宗村
21505八百津町やおつちょう
21506白川町しらかわちょう
21507東白川村ひがししらかわむら
21520可児郡かにぐん
21521御嵩町みたけちょう
21600大野郡おおのぐん
21604白川村しらかわむら
市町村コード改廃支庁市郡区町村ふりがな変更
22100静岡市しずおかし2005.0401新設政令指定都市
22101葵区あおいく
22102駿河区するがく
22103清水区しみずく
22130浜松市はままつし2007.0401新設政令指定都市
22131中区なかく
22132東区ひがしく
22133西区にしく
22134南区みなみく
22135北区きたく
22136浜北区はまきたく
22137天竜区てんりゅうく
22203沼津市ぬまづし
22205熱海市あたみし
22206三島市みしまし
22207富士宮市ふじのみやし
22208伊東市いとうし
22209島田市しまだし
22210富士市ふじし
22211磐田市いわたし
22212焼津市やいづし
22213掛川市かけがわし
22214藤枝市ふじえだし
22215御殿場市ごてんばし
22216袋井市ふくろいし
22219下田市しもだし1971.0101新設←下田町
22220裾野市すそのし1971.0101新設←裾野町
22221湖西市こさいし1972.0101新設←湖西町
22222伊豆市いずし2004.0401新設←修善寺町，土肥町，天城湯ヶ島町，中伊豆町
22223御前崎市おまえざきし2004.0401新設←御前崎町，浜岡町
22224菊川市きくがわし2005.0117新設←小笠町，菊川町
22225伊豆の国市いずのくにし2005.0401新設←伊豆長岡町，韮山町，大仁町
22226牧之原市まきのはらし2005.1011新設←相良町，榛原町
22300賀茂郡かもぐん
22301東伊豆町ひがしいずちょう
22302河津町かわづちょう
22304南伊豆町みなみいずちょう
22305松崎町まつざきちょう
22306西伊豆町にしいずちょう
22320田方郡たがたぐん
22325函南町かんなみちょう
22340駿東郡すんとうぐん
22341清水町しみずちょう
22342長泉町ながいずみちょう
22344小山町おやまちょう
22420榛原郡はいばらぐん
22424吉田町よしだちょう
22429川根本町かわねほんちょう2005.0920新設←中川根町，本川根町
22460周智郡しゅうちぐん
22461森町もりまち
市町村コード改廃支庁市郡区町村ふりがな変更
23100名古屋市なごやし政令指定都市
23101千種区ちくさく
23102東区ひがしく
23103北区きたく
23104西区にしく
23105中村区なかむらく
23106中区なかく
23107昭和区しょうわく
23108瑞穂区みずほく
23109熱田区あつたく
23110中川区なかがわく
23111港区みなとく
23112南区みなみく
23113守山区もりやまく
23114緑区みどりく
23115名東区めいとうく1975.0201分離←千種区，昭和区
23116天白区てんぱくく1975.0201分離←昭和区
23201豊橋市とよはしし
23202岡崎市おかざきし
23203一宮市いちのみやし
23204瀬戸市せとし
23205半田市はんだし
23206春日井市かすがいし
23207豊川市とよかわし
23208津島市つしまし
23209碧南市へきなんし
23210刈谷市かりやし
23211豊田市とよたし
23212安城市あんじょうし
23213西尾市にしおし
23214蒲郡市がまごおりし
23215犬山市いぬやまし
23216常滑市とこなめし
23217江南市こうなんし
23219小牧市こまきし
23220稲沢市いなざわし
23221新城市しんしろし
23222東海市とうかいし1969.0401新設←上野町，横須賀町
23223大府市おおぶし1970.0901新設←大府町
23224知多市ちたし1970.0901新設←知多町
23225知立市ちりゅうし1970.1201新設←知立町
23226尾張旭市おわりあさひし1970.1201新設←尾張旭町
23227高浜市たかはまし1970.1201新設←高浜町
23228岩倉市いわくらし1971.1201新設←岩倉町
23229豊明市とよあけし1972.0801新設←豊明町
23230日進市にっしんし1994.1001新設←日進町
23231田原市たはらし2003.0820新設←田原町
23232愛西市あいさいし2005.0401新設←佐屋町，立田村，八開村，佐織町
23233清須市きよすし2005.0707新設←西枇杷島町，清洲町，新川町
23234北名古屋市きたなごやし2006.0320新設←師勝町，西春町
23235弥富市やとみし2006.0401新設←弥富町
23236みよし市みよしし2010.0104新設←みよし町
23237あま市あまし2010.0322新設←七宝町，美和町，甚目寺町
23238長久手市ながくてし2012.0104新設←長久手町
23300愛知郡あいちぐん
23302東郷町とうごうちょう1970.0401町制←東郷村
23340西春日井郡にしかすがいぐん
23342豊山町とよやまちょう1972.0401町制←豊山村
23360丹羽郡にわぐん
23361大口町おおぐちちょう
23362扶桑町ふそうちょう
23420海部郡あまぐん
23424大治町おおはるちょう1975.0401町制←大治村
23425蟹江町かにえちょう
23427飛島村とびしまむら
23440知多郡ちたぐん
23441阿久比町あぐいちょう
23442東浦町ひがしうらちょう
23445南知多町みなみちたちょう
23446美浜町みはまちょう
23447武豊町たけとよちょう
23500額田郡ぬかたぐん
23501幸田町こうたちょう
23560北設楽郡きたしたらぐん
23561設楽町したらちょう
23562東栄町とうえいちょう
23563豊根村とよねむら
市町村コード改廃支庁市郡区町村ふりがな変更
24201津市つし
24202四日市市よっかいちし
24203伊勢市いせし
24204松阪市まつさかし
24205桑名市くわなし
24207鈴鹿市すずかし
24208名張市なばりし
24209尾鷲市おわせし
24210亀山市かめやまし
24211鳥羽市とばし
24212熊野市くまのし
24214いなべ市いなべし2003.1201新設←北勢町，員弁町，大安町，藤原町
24215志摩市しまし2004.1001新設←浜島町，大王町，志摩町，阿児町，磯部町
24216伊賀市いがし2004.1101新設←上野市，伊賀町，島ヶ原村，阿山町，大山田村，青山町
24300桑名郡くわなぐん
24303木曽岬町きそさきちょう1989.0501町制←木曽岬村
24320員弁郡いなべぐん
24324東員町とういんちょう
24340三重郡みえぐん
24341菰野町こものちょう
24343朝日町あさひちょう
24344川越町かわごえちょう
24440多気郡たきぐん
24441多気町たきちょう
24442明和町めいわちょう
24443大台町おおだいちょう
24460度会郡わたらいぐん
24461玉城町たまきちょう
24470度会町わたらいちょう
24471大紀町たいきちょう2005.0214新設←大宮町，紀勢町，大内山村
24472南伊勢町みなみいせちょう2005.1001新設←南勢町，南島町
24540北牟婁郡きたむろぐん
24543紀北町きほくちょう2005.1011新設←紀伊長島町，海山町
24560南牟婁郡みなみむろぐん
24561御浜町みはまちょう
24562紀宝町きほうちょう
市町村コード改廃支庁市郡区町村ふりがな変更
25201大津市おおつし
25202彦根市ひこねし
25203長浜市ながはまし
25204近江八幡市おうみはちまんし
25206草津市くさつし
25207守山市もりやまし1970.0701新設←守山町
25208栗東市りっとうし2001.1001新設←栗東町
25209甲賀市こうかし2004.1001新設←水口町，土山町，甲賀町，甲南町，信楽町
25210野洲市やすし2004.1001新設←中主町，野洲町
25211湖南市こなんし2004.1001新設←石部町，甲西町
25212高島市たかしまし2005.0101新設←マキノ町，今津町，朽木村，安曇川町，高島町，新旭町
25213東近江市ひがしおうみし2005.0211新設←八日市市，永源寺町，五個荘町，愛東町，湖東町
25214米原市まいばらし2005.0214新設←山東町，伊吹町，米原町
25380蒲生郡がもうぐん
25383日野町ひのちょう
25384竜王町りゅうおうちょう
25420愛知郡えちぐん
25425愛荘町あいしょうちょう2006.0213新設←秦荘町，愛知川町
25440犬上郡いぬかみぐん
25441豊郷町とよさとちょう1971.0211町制←豊郷村
25442甲良町こうらちょう
25443多賀町たがちょう
市町村コード改廃支庁市郡区町村ふりがな変更
26100京都市きょうとし政令指定都市
26101北区きたく
26102上京区かみぎょうく
26103左京区さきょうく
26104中京区なかぎょうく
26105東山区ひがしやまく
26106下京区しもぎょうく
26107南区みなみく
26108右京区うきょうく
26109伏見区ふしみく
26110山科区やましなく1976.1001分離←東山区
26111西京区にしきょうく1976.1001分離←右京区
26201福知山市ふくちやまし
26202舞鶴市まいづるし
26203綾部市あやべし
26204宇治市うじし
26205宮津市みやづし
26206亀岡市かめおかし
26207城陽市じょうようし1972.0503新設←城陽町
26208向日市むこうし1972.1001新設←向日町
26209長岡京市ながおかきょうし1972.1001改称←長岡市（長岡町が町制，即日改称）
26210八幡市やわたし1977.1101新設←八幡町
26211京田辺市きょうたなべし1997.0401改称←田辺市（田辺町が市制，即日改称）
26212京丹後市きょうたんごし2004.0401新設←峰山町，大宮町，網野町，丹後町，弥栄町，久美浜町
26213南丹市なんたんし2006.0101新設←園部町，八木町，日吉町，美山町
26214木津川市きづがわし2007.0312新設←木津町，加茂町，山城町
26300乙訓郡おとくにぐん
26303大山崎町おおやまざきちょう
26320久世郡くせぐん
26322久御山町くみやまちょう
26340綴喜郡つづきぐん
26343井手町いでちょう
26344宇治田原町うじたわらちょう
26360相楽郡そうらくぐん
26364笠置町かさぎちょう
26365和束町わづかちょう
26366精華町せいかちょう
26367南山城村みなみやましろむら
26400船井郡ふないぐん
26407京丹波町きょうたんばちょう2005.1011新設←丹波町，瑞穂町，和知町
26460与謝郡よさぐん
26463伊根町いねちょう
26465与謝野町よさのちょう2006.0301新設←加悦町，岩滝町，野田川町
市町村コード改廃支庁市郡区町村ふりがな変更
27100大阪市おおさかし政令指定都市
27102都島区みやこじまく
27103福島区ふくしまく
27104此花区このはなく
27106西区にしく
27107港区みなとく
27108大正区たいしょうく
27109天王寺区てんのうじく
27111浪速区なにわく
27113西淀川区にしよどがわく
27114東淀川区ひがしよどがわく
27115東成区ひがしなりく
27116生野区いくのく
27117旭区あさひく
27118城東区じょうとうく
27119阿倍野区あべのく
27120住吉区すみよしく
27121東住吉区ひがしすみよしく
27122西成区にしなりく
27123淀川区よどがわく1974.0722分離←東淀川区
27124鶴見区つるみく1974.0722分離←城東区
27125住之江区すみのえく1974.0722分離←住吉区
27126平野区ひらのく1974.0722分離←東住吉区
27127北区きたく1989.0213新設←北区，大淀区
27128中央区ちゅうおうく1989.0213新設←東区，南区
27140堺市さかいし2006.0401新設政令指定都市
27141堺区さかいく
27142中区なかく
27143東区ひがしく
27144西区にしく
27145南区みなみく
27146北区きたく
27147美原区みはらく
27202岸和田市きしわだし
27203豊中市とよなかし
27204池田市いけだし
27205吹田市すいたし
27206泉大津市いずみおおつし
27207高槻市たかつきし
27208貝塚市かいづかし
27209守口市もりぐちし
27210枚方市ひらかたし
27211茨木市いばらきし
27212八尾市やおし
27213泉佐野市いずみさのし
27214富田林市とんだばやしし
27215寝屋川市ねやがわし
27216河内長野市かわちながのし
27217松原市まつばらし
27218大東市だいとうし
27219和泉市いずみし
27220箕面市みのおし
27221柏原市かしわらし
27222羽曳野市はびきのし
27223門真市かどまし
27224摂津市せっつし
27225高石市たかいしし
27226藤井寺市ふじいでらし
27227東大阪市ひがしおおさかし
27228泉南市せんなんし1970.0701新設←泉南町
27229四條畷市しじょうなわてし1970.0701新設←四條畷町
27230交野市かたのし1971.1103新設←交野町
27231大阪狭山市おおさかさやまし1987.1001改称←狭山市（狭山町が市制，即日改称）
27232阪南市はんなんし1991.1001新設←阪南町
27300三島郡みしまぐん
27301島本町しまもとちょう
27320豊能郡とよのぐん
27321豊能町とよのちょう1977.0401町制←豊能村（東能勢村が改称，即日町制）
27322能勢町のせちょう
27340泉北郡せんぼくぐん
27341忠岡町ただおかちょう
27360泉南郡せんなんぐん
27361熊取町くまとりちょう
27362田尻町たじりちょう
27366岬町みさきちょう
27380南河内郡みなみかわちぐん
27381太子町たいしちょう
27382河南町かなんちょう
27383千早赤阪村ちはやあかさかむら
市町村コード改廃支庁市郡区町村ふりがな変更
28100神戸市こうべし政令指定都市
28101東灘区ひがしなだく
28102灘区なだく
28105兵庫区ひょうごく
28106長田区ながたく
28107須磨区すまく
28108垂水区たるみく
28109北区きたく1973.0801分離←兵庫区
28110中央区ちゅうおうく1980.1201新設←葺合区，生田区
28111西区にしく1985.0201分離←垂水区
28201姫路市ひめじし
28202尼崎市あまがさきし
28203明石市あかしし
28204西宮市にしのみやし
28205洲本市すもとし
28206芦屋市あしやし
28207伊丹市いたみし
28208相生市あいおいし
28209豊岡市とよおかし
28210加古川市かこがわし
28212赤穂市あこうし
28213西脇市にしわきし
28214宝塚市たからづかし
28215三木市みきし
28216高砂市たかさごし
28217川西市かわにしし
28218小野市おのし
28219三田市さんだし
28220加西市かさいし
28221篠山市ささやまし1999.0401新設←篠山町，西紀町，丹南町，今田町
28222養父市やぶし2004.0401新設←八鹿町，養父町，大屋町，関宮町
28223丹波市たんばし2004.1101新設←柏原町，氷上町，青垣町，春日町，山南町，市島町
28224南あわじ市みなみあわじし2005.0111新設←緑町，三原町，西淡町，南淡町
28225朝来市あさごし2005.0401新設←生野町，和田山町，山東町，朝来町
28226淡路市あわじし2005.0401新設←津名町，淡路町，北淡町，一宮町，東浦町
28227宍粟市しそうし2005.0401新設←山崎町，一宮町，波賀町，千種町
28228加東市かとうし2006.0320新設←社町，滝野町，東条町
28229たつの市たつのし2005.1001新設←龍野市，新宮町，揖保川町，御津町
28300川辺郡かわべぐん
28301猪名川町いながわちょう
28360多可郡たかぐん
28365多可町たかちょう2005.1101新設←中町，加美町，八千代町
28380加古郡かこぐん
28381稲美町いなみちょう
28382播磨町はりまちょう
28440神崎郡かんざきぐん
28442市川町いちかわちょう
28443福崎町ふくさきちょう
28446神河町かみかわちょう2005.1107新設←神崎町，大河内町
28460揖保郡いぼぐん
28464太子町たいしちょう
28480赤穂郡あこうぐん
28481上郡町かみごおりちょう
28500佐用郡さようぐん
28501佐用町さようちょう
28580美方郡みかたぐん
28585香美町かみちょう2005.0401新設←香住町，村岡町，美方町
28586新温泉町しんおんせんちょう2005.1001新設←浜坂町，温泉町
市町村コード改廃支庁市郡区町村ふりがな変更
29201奈良市ならし
29202大和高田市やまとたかだし
29203大和郡山市やまとこおりやまし
29204天理市てんりし
29205橿原市かしはらし
29206桜井市さくらいし
29207五條市ごじょうし
29208御所市ごせし
29209生駒市いこまし1971.1101新設←生駒町
29210香芝市かしばし1991.1001新設←香芝町
29211葛城市かつらぎし2004.1001新設←新庄町，當麻町
29212宇陀市うだし2006.0101新設←大宇陀町，菟田野町，榛原町，室生村
29320山辺郡やまべぐん
29322山添村やまぞえむら
29340生駒郡いこまぐん
29342平群町へぐりちょう1971.0201町制←平群村
29343三郷町さんごうちょう
29344斑鳩町いかるがちょう
29345安堵町あんどちょう1986.0401町制←安堵村
29360磯城郡しきぐん
29361川西町かわにしちょう1975.0401町制←川西村
29362三宅町みやけちょう1974.0401町制←三宅村
29363田原本町たわらもとちょう
29380宇陀郡うだぐん
29385曽爾村そにむら
29386御杖村みつえむら
29400高市郡たかいちぐん
29401高取町たかとりちょう
29402明日香村あすかむら
29420北葛城郡きたかつらぎぐん
29424上牧町かんまきちょう1972.1201町制←上牧村
29425王寺町おうじちょう
29426広陵町こうりょうちょう
29427河合町かわいちょう
29440吉野郡よしのぐん
29441吉野町よしのちょう
29442大淀町おおよどちょう
29443下市町しもいちちょう
29444黒滝村くろたきむら
29446天川村てんかわむら
29447野迫川村のせがわむら
29449十津川村とつかわむら
29450下北山村しもきたやまむら
29451上北山村かみきたやまむら
29452川上村かわかみむら
29453東吉野村ひがしよしのむら
市町村コード改廃支庁市郡区町村ふりがな変更
30201和歌山市わかやまし
30202海南市かいなんし
30203橋本市はしもとし
30204有田市ありだし
30205御坊市ごぼうし
30206田辺市たなべし
30207新宮市しんぐうし
30208紀の川市きのかわし2005.1107新設←打田町，粉河町，那賀町，桃山町，貴志川町
30209岩出市いわでし2006.0401新設←岩出町
30300海草郡かいそうぐん
30304紀美野町きみのちょう2006.0101新設←野上町，美里町
30340伊都郡いとぐん
30341かつらぎ町かつらぎちょう
30343九度山町くどやまちょう
30344高野町こうやちょう
30360有田郡ありたぐん
30361湯浅町ゆあさちょう
30362広川町ひろがわちょう1996.0401改称←“ひろかわ”町
30366有田川町ありだがわちょう2006.0101新設←吉備町，金屋町，清水町
30380日高郡ひだかぐん
30381美浜町みはまちょう
30382日高町ひだかちょう
30383由良町ゆらちょう
30390印南町いなみちょう
30391みなべ町みなべちょう2004.1001新設←南部川村，南部町
30392日高川町ひだかがわちょう2005.0501新設←川辺町，中津村，美山村
30400西牟婁郡にしむろぐん
30401白浜町しらはまちょう
30404上富田町かみとんだちょう
30406すさみ町すさみちょう
30420東牟婁郡ひがしむろぐん
30421那智勝浦町なちかつうらちょう
30422太地町たいじちょう
30424古座川町こざがわちょう
30427北山村きたやまむら
30428串本町くしもとちょう2005.0401新設←串本町，古座町
市町村コード改廃支庁市郡区町村ふりがな変更
31201鳥取市とっとりし
31202米子市よなごし
31203倉吉市くらよしし
31204境港市さかいみなとし
31300岩美郡いわみぐん
31302岩美町いわみちょう
31320八頭郡やずぐん
31325若桜町わかさちょう
31328智頭町ちずちょう
31329八頭町やずちょう2005.0331新設←郡家町，船岡町，八東町
31360東伯郡とうはくぐん
31364三朝町みささちょう
31370湯梨浜町ゆりはまちょう2004.1001新設←羽合町，泊村，東郷町
31371琴浦町ことうらちょう2004.0901新設←東伯町，赤碕町
31372北栄町ほくえいちょう2005.1001新設←北条町，大栄町
31380西伯郡さいはくぐん
31384日吉津村ひえづそん
31386大山町だいせんちょう
31389南部町なんぶちょう2004.1001新設←西伯町，会見町
31390伯耆町ほうきちょう2005.0101新設←岸本町，溝口町
31400日野郡ひのぐん
31401日南町にちなんちょう
31402日野町ひのちょう
31403江府町こうふちょう
市町村コード改廃支庁市郡区町村ふりがな変更
32201松江市まつえし
32202浜田市はまだし
32203出雲市いずもし
32204益田市ますだし
32205大田市おおだし
32206安来市やすぎし
32207江津市ごうつし
32209雲南市うんなんし2004.1101新設←大東町，加茂町，三刀屋町，吉田村，掛合町
32340仁多郡にたぐん
32343奥出雲町おくいずもちょう2005.0331新設←仁多町，横田町
32380飯石郡いいしぐん
32386飯南町いいなんちょう2005.0101新設←頓原町，赤来町
32440邑智郡おおちぐん
32441川本町かわもとまち
32448美郷町みさとちょう2004.1001新設←邑智町，大和村
32449邑南町おおなんちょう2004.1001新設←羽須美村，瑞穂町，石見町
32500鹿足郡かのあしぐん
32501津和野町つわのちょう
32505吉賀町よしかちょう2005.1001新設←柿木村，六日市町
32520隠岐郡おきぐん1969.0401新設←周吉郡，穏地郡，海士郡，知夫郡
32525海士町あまちょう1969.0101町制←海士村
32526西ノ島町にしのしまちょう
32527知夫村ちぶむら
32528隠岐の島町おきのしまちょう2004.1001新設←西郷町，布施村，五箇村，都万村
市町村コード改廃支庁市郡区町村ふりがな変更
33100岡山市おかやまし2009.0401新設政令指定都市
33101北区きたく
33102中区なかく
33103東区ひがしく
33104南区みなみく
33202倉敷市くらしきし
33203津山市つやまし
33204玉野市たまのし
33205笠岡市かさおかし
33207井原市いばらし
33208総社市そうじゃし
33209高梁市たかはしし
33210新見市にいみし
33211備前市びぜんし1971.0401新設←備前町，三石町
33212瀬戸内市せとうちし2004.1101新設←牛窓町，邑久町，長船町
33213赤磐市あかいわし2005.0307新設←山陽町，赤坂町，熊山町，吉井町
33214真庭市まにわし2005.0331新設←北房町，勝山町，落合町，湯原町，久世町，美甘村，川上村，八束村，中和村
33215美作市みまさかし2005.0331新設←勝田町，大原町，東粟倉村，美作町，作東町，英田町
33216浅口市あさくちし2006.0321新設←金光町，鴨方町，寄島町
33340和気郡わけぐん
33346和気町わけちょう
33420都窪郡つくぼぐん
33423早島町はやしまちょう
33440浅口郡あさくちぐん
33445里庄町さとしょうちょう
33460小田郡おだぐん
33461矢掛町やかげちょう
33580真庭郡まにわぐん
33586新庄村しんじょうそん
33600苫田郡とまたぐん
33606鏡野町かがみのちょう
33620勝田郡かつたぐん
33622勝央町しょうおうちょう
33623奈義町なぎちょう
33640英田郡あいだぐん
33643西粟倉村にしあわくらそん
33660久米郡くめぐん
33663久米南町くめなんちょう
33666美咲町みさきちょう2005.0322新設←中央町，旭町，柵原町
33680加賀郡かがぐん2004.1001新設←吉備中央町の区域
33681吉備中央町きびちゅうおうちょう2004.1001新設←加茂川町，賀陽町
市町村コード改廃支庁市郡区町村ふりがな変更
34100広島市ひろしまし1980.0401新設政令指定都市
34101中区なかく
34102東区ひがしく
34103南区みなみく
34104西区にしく
34105安佐南区あさみなみく
34106安佐北区あさきたく
34107安芸区あきく
34108佐伯区さえきく1985.0320新設←五日市町
34202呉市くれし
34203竹原市たけはらし
34204三原市みはらし
34205尾道市おのみちし
34207福山市ふくやまし
34208府中市ふちゅうし
34209三次市みよしし
34210庄原市しょうばらし
34211大竹市おおたけし
34212東広島市ひがしひろしまし1974.0420新設←西条町，八本松町，志和町，高屋町
34213廿日市市はつかいちし1988.0401新設←廿日市町
34214安芸高田市あきたかたし2004.0301新設←吉田町，八千代町，美土里町，高宮町，甲田町，向原町
34215江田島市えたじまし2004.1101新設←江田島町，能美町，沖美町，大柿町
34300安芸郡あきぐん
34302府中町ふちゅうちょう
34304海田町かいたちょう
34307熊野町くまのちょう
34309坂町さかちょう
34360山県郡やまがたぐん
34368安芸太田町あきおおたちょう2004.1001新設←加計町，筒賀村，戸河内町
34369北広島町きたひろしまちょう2005.0201新設←芸北町，大朝町，千代田町，豊平町
34420豊田郡とよたぐん
34431大崎上島町おおさきかみじまちょう2003.0401新設←大崎町，東野町，木江町
34460世羅郡せらぐん
34462世羅町せらちょう
34540神石郡じんせきぐん
34545神石高原町じんせきこうげんちょう2004.1105新設←油木町，神石町，豊松村，三和町
市町村コード改廃支庁市郡区町村ふりがな変更
35201下関市しものせきし
35202宇部市うべし
35203山口市やまぐちし
35204萩市はぎし
35206防府市ほうふし
35207下松市くだまつし
35208岩国市いわくにし
35210光市ひかりし
35211長門市ながとし
35212柳井市やないし
35213美祢市みねし
35215周南市しゅうなんし2003.0421新設←徳山市，新南陽市，熊毛町，鹿野町
35216山陽小野田市さんようおのだし2005.0322新設←小野田市，山陽町
35300大島郡おおしまぐん
35305周防大島町すおうおおしまちょう2004.1001新設←久賀町，大島町，東和町，橘町
35320玖珂郡くがぐん
35321和木町わきちょう1973.0401町制←和木村
35340熊毛郡くまげぐん
35341上関町かみのせきちょう
35343田布施町たぶせちょう
35344平生町ひらおちょう
35500阿武郡あぶぐん
35502阿武町あぶちょう
市町村コード改廃支庁市郡区町村ふりがな変更
36201徳島市とくしまし
36202鳴門市なるとし
36203小松島市こまつしまし
36204阿南市あなんし
36205吉野川市よしのがわし2004.1001新設←鴨島町，川島町，山川町，美郷村
36206阿波市あわし2005.0401新設←吉野町，土成町，市場町，阿波町
36207美馬市みまし2005.0301新設←脇町，美馬町，穴吹町，木屋平村
36208三好市みよしし2006.0301新設←三野町，池田町，山城町，井川町，東祖谷山村，西祖谷山村
36300勝浦郡かつうらぐん
36301勝浦町かつうらちょう
36302上勝町かみかつちょう
36320名東郡みょうどうぐん
36321佐那河内村さなごうちそん
36340名西郡みょうざいぐん
36341石井町いしいちょう
36342神山町かみやまちょう
36360那賀郡なかぐん
36368那賀町なかちょう2005.0301新設←鷲敷町，相生町，上那賀町，木沢村，木頭村
36380海部郡かいふぐん
36383牟岐町むぎちょう
36387美波町みなみちょう2006.0331新設←由岐町，日和佐町
36388海陽町かいようちょう2006.0331新設←海南町，海部町，宍喰町
36400板野郡いたのぐん
36401松茂町まつしげちょう
36402北島町きたじまちょう
36403藍住町あいずみちょう
36404板野町いたのちょう
36405上板町かみいたちょう
36460美馬郡みまぐん
36468つるぎ町つるぎちょう2005.0301新設←半田町，貞光町，一宇村
36480三好郡みよしぐん
36489東みよし町ひがしみよしちょう2006.0301新設←三好町，三加茂町
市町村コード改廃支庁市郡区町村ふりがな変更
37201高松市たかまつし
37202丸亀市まるがめし
37203坂出市さかいでし
37204善通寺市ぜんつうじし
37205観音寺市かんおんじし
37206さぬき市さぬきし2002.0401新設←津田町，大川町，志度町，寒川町，長尾町
37207東かがわ市ひがしかがわし2003.0401新設←引田町・白鳥町・大内町
37208三豊市みとよし2006.0101新設←高瀬町，山本町，三野町，豊中町，詫間町，仁尾町，財田町
37320小豆郡しょうずぐん
37322土庄町とのしょうちょう
37324小豆島町しょうどしまちょう2006.0321新設←内海町，池田町
37340木田郡きたぐん
37341三木町みきちょう
37360香川郡かがわぐん
37364直島町なおしまちょう
37380綾歌郡あやうたぐん
37386宇多津町うたづちょう
37387綾川町あやがわちょう2006.0321新設←綾上町，綾南町
37400仲多度郡なかたどぐん
37403琴平町ことひらちょう
37404多度津町たどつちょう
37406まんのう町まんのうちょう2006.0320新設←琴南町，満濃町，仲南町
市町村コード改廃支庁市郡区町村ふりがな変更
38201松山市まつやまし
38202今治市いまばりし
38203宇和島市うわじまし
38204八幡浜市やわたはまし
38205新居浜市にいはまし
38206西条市さいじょうし
38207大洲市おおずし
38210伊予市いよし
38213四国中央市しこくちゅうおうし2004.0401新設←川之江市，伊予三島市，新宮村，土居町
38214西予市せいよし2004.0401新設←明浜町，宇和町，野村町，城川町，三瓶町
38215東温市とうおんし2004.0921新設←重信町・川内町
38340越智郡おちぐん
38356上島町かみじまちょう2004.1001新設←魚島村，弓削町，生名村，岩城村
38380上浮穴郡かみうけなぐん
38386久万高原町くまこうげんちょう2004.0801新設←久万町，面河村，美川村，柳谷村
38400伊予郡いよぐん
38401松前町まさきちょう
38402砥部町とべちょう
38420喜多郡きたぐん
38422内子町うちこちょう
38440西宇和郡にしうわぐん
38442伊方町いかたちょう
38480北宇和郡きたうわぐん
38484松野町まつのちょう
38488鬼北町きほくちょう2005.0101新設←広見町，日吉村
38500南宇和郡みなみうわぐん
38506愛南町あいなんちょう2004.1001新設←内海村，御荘町，城辺町，一本松町，西海町
市町村コード改廃支庁市郡区町村ふりがな変更
39201高知市こうちし
39202室戸市むろとし
39203安芸市あきし
39204南国市なんこくし
39205土佐市とさし
39206須崎市すさきし
39208宿毛市すくもし
39209土佐清水市とさしみずし
39210四万十市しまんとし2005.0410新設←中村市，西土佐村
39211香南市こうなんし2006.0301新設←赤岡町，香我美町，野市町，夜須町，吉川村
39212香美市かみし2006.0301新設←土佐山田町，香北町，物部村
39300安芸郡あきぐん
39301東洋町とうようちょう
39302奈半利町なはりちょう
39303田野町たのちょう
39304安田町やすだちょう
39305北川村きたがわむら
39306馬路村うまじむら
39307芸西村げいせいむら
39340長岡郡ながおかぐん
39341本山町もとやまちょう
39344大豊町おおとよちょう1972.0401町制←大豊村
39360土佐郡とさぐん
39363土佐町とさちょう
39364大川村おおかわむら
39380吾川郡あがわぐん
39386いの町いのちょう2004.1001新設←本川村，伊野町，吾北村
39387仁淀川町によどがわちょう2005.0801新設←池川町，吾川村，仁淀村
39400高岡郡 たかおかぐん
39401中土佐町なかとさちょう
39402佐川町さかわちょう
39403越知町おちちょう
39405檮原町ゆすはらちょう
39410日高村ひだかむら
39411津野町つのちょう2005.0201新設←東津野村，葉山村
39412四万十町しまんとちょう2006.0320新設←窪川町，大正町，十和村
39420幡多郡はたぐん
39424大月町おおつきちょう
39427三原村みはらむら
39428黒潮町くろしおちょう2006.0320新設←佐賀町，大方町
市町村コード改廃支庁市郡区町村ふりがな変更
40100北九州市きたきゅうしゅうし政令指定都市
40101門司区もじく
40103若松区わかまつく
40105戸畑区とばたく
40106小倉北区こくらきたく1974.0401新設←小倉区，八幡区
40107小倉南区こくらみなみく1974.0401新設←小倉区
40108八幡東区やはたひがしく1974.0401新設←八幡区，小倉区，戸畑区
40109八幡西区やはたにしく1974.0401新設←八幡区，若松区
40130福岡市ふくおかし1972.0401新設政令指定都市
40131東区ひがしく
40132博多区はかたく
40133中央区ちゅうおうく
40134南区みなみく
40135西区にしく
40136城南区じょうなんく1982.0510分離←西区
40137早良区さわらく1982.0510分離←西区
40202大牟田市おおむたし
40203久留米市くるめし
40204直方市のおがたし
40205飯塚市いいづかし
40206田川市たがわし
40207柳川市やながわし
40210八女市やめし
40211筑後市ちくごし
40212大川市おおかわし
40213行橋市ゆくはしし
40214豊前市ぶぜんし
40215中間市なかまし
40216小郡市おごおりし1972.0401新設←小郡町
40217筑紫野市ちくしのし1972.0401新設←筑紫野町
40218春日市かすがし1972.0401新設←春日町
40219大野城市おおのじょうし1972.0401改称←大野市（大野町が市制，即日改称）
40220宗像市むなかたし1981.0401新設←宗像町
40221太宰府市だざいふし1982.0401新設←太宰府町
40223古賀市こがし1997.1001新設←古賀町
40224福津市ふくつし2005.0124新設←福間町，津屋崎町
40225うきは市うきはし2005.0320新設←吉井町，浮羽町
40226宮若市みやわかし2006.0211新設←宮田町，若宮町
40227嘉麻市かまし2006.0327新設←山田市，稲築町，碓井町，嘉穂町
40228朝倉市あさくらし2006.0320新設←甘木市，杷木町，朝倉町
40229みやま市みやまし2007.0129新設←瀬高町，山川町，高田町
40230糸島市いとしまし2010.0101新設←前原市，二丈町，志摩町
40300筑紫郡ちくしぐん
40305那珂川町なかがわまち
40340糟屋郡かすやぐん
40341宇美町うみまち
40342篠栗町ささぐりまち
40343志免町しめまち
40344須恵町すえまち
40345新宮町しんぐうまち
40348久山町ひさやままち
40349粕屋町かすやまち
40380遠賀郡おんがぐん
40381芦屋町あしやまち
40382水巻町みずまきまち
40383岡垣町おかがきまち
40384遠賀町おんがちょう
40400鞍手郡くらてぐん
40401小竹町こたけまち
40402鞍手町くらてまち
40420嘉穂郡かほぐん
40421桂川町けいせんまち
40440朝倉郡あさくらぐん
40447筑前町ちくぜんまち2005.0322新設←三輪町，夜須町
40448東峰村とうほうむら2005.0328新設←小石原村，宝珠山村
40500三井郡みいぐん
40503大刀洗町たちあらいまち
40520三潴郡みずまぐん
40522大木町おおきまち
40540八女郡やめぐん
40544広川町ひろかわまち
40600田川郡たがわぐん
40601香春町かわらまち
40602添田町そえだまち
40604糸田町いとだまち
40605川崎町かわさきまち
40608大任町おおとうまち
40609赤村あかむら
40610福智町ふくちまち2006.0306新設←金田町，赤池町，方城町
40620京都郡みやこぐん
40621苅田町かんだまち
40625みやこ町みやこまち2006.0306新設←犀川町，勝山町，豊津町
40640築上郡ちくじょうぐん
40642吉富町よしとみまち
40646上毛町こうげまち2005.1011新設←新吉富村，大平村
40647築上町ちくじょうまち2006.0110新設←椎田町，築城町
市町村コード改廃支庁市郡区町村ふりがな変更
41201佐賀市さがし
41202唐津市からつし
41203鳥栖市とすし
41204多久市たくし
41205伊万里市いまりし
41206武雄市たけおし
41207鹿島市かしまし
41208小城市おぎし2005.0301新設←小城町，三日月町，牛津町，芦刈町
41209嬉野市うれしのし2006.0101新設←塩田町，嬉野町
41210神埼市かんざきし2006.0320新設←神埼町，千代田町，脊振村
41320神埼郡かんざきぐん
41327吉野ヶ里町よしのがりちょう2006.0301新設←三田川町，東脊振村
41340三養基郡みやきぐん
41341基山町きやまちょう
41345上峰町かみみねちょう1989.1101町制←上峰村
41346みやき町みやきちょう2005.0301新設←中原町，北茂安町，三根町
41380東松浦郡ひがしまつうらぐん
41387玄海町げんかいちょう
41400西松浦郡にしまつうらぐん
41401有田町ありたちょう2006.0301合併←“ありたまち”（西有田町と合併，呼称変更）
41420杵島郡きしまぐん
41423大町町おおまちちょう
41424江北町こうほくまち
41425白石町しろいしちょう
41440藤津郡ふじつぐん
41441太良町たらちょう
市町村コード改廃支庁市郡区町村ふりがな変更
42201長崎市ながさきし
42202佐世保市させぼし
42203島原市しまばらし
42204諫早市いさはやし
42205大村市おおむらし
42207平戸市ひらどし
42208松浦市まつうらし
42209対馬市つしまし2004.0301新設←厳原町，美津島町，豊玉町，峰町，上県町，上対馬町
42210壱岐市いきし2004.0301新設←郷ノ浦町，勝本町，芦辺町，石田町
42211五島市ごとうし2004.0801新設←福江市，富江町，玉之浦町，三井楽町，岐宿町，奈留町
42212西海市さいかいし2005.0401新設←西彼町，西海町，大島町，崎戸町，大瀬戸町
42213雲仙市うんぜんし2005.1011新設←国見町，瑞穂町，吾妻町，愛野町，千々石町，小浜町，南串山町
42214南島原市みなみしまばらし2006.0331新設←加津佐町，口之津町，南有馬町，北有馬町，西有家町，有家町，布津町，深江町
42300西彼杵郡にしそのぎぐん
42307長与町ながよちょう1969.0101町制←長与村
42308時津町とぎつちょう
42320東彼杵郡ひがしそのぎぐん
42321東彼杵町ひがしそのぎちょう
42322川棚町かわたなちょう
42323波佐見町はさみちょう
42380北松浦郡きたまつうらぐん
42383小値賀町おじかちょう
42391佐々町さざちょう
42400南松浦郡みなみまつうらぐん
42411新上五島町しんかみごとうちょう2004.0801新設←若松町，上五島町，新魚目町，有川町，奈良尾町
市町村コード改廃支庁市郡区町村ふりがな変更
43100熊本市くまもとし2012.0401新設政令指定都市
43101中央区ちゅうおうく
43102東区ひがしく
43103西区にしく
43104南区みなみく
43105北区きたく
43202八代市やつしろし
43203人吉市ひとよしし
43204荒尾市あらおし
43205水俣市みなまたし
43206玉名市たまなし
43208山鹿市やまがし
43210菊池市きくちし
43211宇土市うとし
43212上天草市かみあまくさし2004.0331新設←大矢野町，松島町，姫戸町，龍ヶ岳町
43213宇城市うきし2005.0115新設←三角町，不知火町，松橋町，小川町，豊野町
43214阿蘇市あそし2005.0211新設←一の宮町，阿蘇町，波野村
43215天草市あまくさし2006.0327新設←本渡市，牛深市，有明町，御所浦町，倉岳町，栖本町，新和町，五和町，天草町，河浦町
43216合志市こうしし2006.0227新設←合志町，西合志町
43340下益城郡しもましきぐん
43348美里町みさとまち2004.1101新設←中央町，砥用町
43360玉名郡たまなぐん
43364玉東町ぎょくとうまち
43367南関町なんかんまち
43368長洲町ながすまち
43369和水町なごみまち2006.0301新設←菊水町，三加和町
43400菊池郡きくちぐん
43403大津町おおづまち
43404菊陽町きくようまち1969.0101町制←菊陽町
43420阿蘇郡あそぐん
43423南小国町みなみおぐにまち1969.1101町制←南小国村
43424小国町おぐにまち
43425産山村うぶやまむら
43428高森町たかもりまち
43432西原村にしはらむら
43433南阿蘇村みなみあそむら2005.0213新設←白水村，久木野村，長陽村
43440上益城郡かみましきぐん
43441御船町みふねまち
43442嘉島町 かしままち1969.0201町制←嘉島村
43443益城町ましきまち
43444甲佐町こうさまち
43447山都町やまとまち2005.0211新設←蘇陽町，矢部町，清和村
43460八代郡やつしろぐん
43468氷川町ひかわちょう2005.1001新設←竜北町，宮原町
43480葦北郡あしきたぐん
43482芦北町あしきたまち1970.1101合併←葦北町（湯浦町と合併，表記変更）
43484津奈木町つなぎまち
43500球磨郡くまぐん
43501錦町にしきまち
43505多良木町 たらぎまち
43506湯前町ゆのまえまち
43507水上村みずかみむら
43510相良村さがらむら
43511五木村いつきむら
43512山江村やまえむら
43513球磨村くまむら
43514あさぎり町あさぎりちょう2003.0401新設←上村，免田町，岡原村，須恵村，深田村
43520天草郡あまくさぐん
43531苓北町れいほくまち
市町村コード改廃支庁市郡区町村ふりがな変更
44201大分市おおいたし
44202別府市べっぷし
44203中津市なかつし
44204日田市ひたし
44205佐伯市さいきし
44206臼杵市うすきし
44207津久見市つくみし
44208竹田市たけたし
44209豊後高田市ぶんごたかだし
44210杵築市きつきし
44211宇佐市うさし
44212豊後大野市ぶんごおおのし2005.0331新設←三重町，清川村，緒方町，朝地町，大野町，千歳村，犬飼町
44213由布市ゆふし2005.1001新設←挾間町，庄内町，湯布院町
44214国東市くにさきし2006.0331新設←国見町，国東町，武蔵町，安岐町
44320東国東郡ひがしくにさきぐん
44322姫島村ひめしまむら
44340速見郡はやみぐん
44341日出町ひじまち
44460玖珠郡くすぐん
44461九重町ここのえまち
44462玖珠町くすまち
市町村コード改廃支庁市郡区町村ふりがな変更
45201宮崎市みやざきし
45202都城市みやこのじょうし
45203延岡市のべおかし
45204日南市にちなんし
45205小林市こばやしし
45206日向市ひゅうがし
45207串間市くしまし
45208西都市さいとし
45209えびの市えびのし1970.1201新設←えびの町
45340北諸県郡きたもろかたぐん
45341三股町みまたちょう
45360西諸県郡にしもろかたぐん
45361高原町たかはるちょう
45380東諸県郡ひがしもろかたぐん
45382国富町くにとみちょう
45383綾町あやちょう
45400児湯郡こゆぐん
45401高鍋町たかなべちょう
45402新富町しんとみちょう
45403西米良村にしめらそん
45404木城町きじょうちょう1973.0401町制←木城村
45405川南町かわみなみちょう
45406都農町つのちょう
45420東臼杵郡ひがしうすきぐん
45421門川町かどがわちょう
45429諸塚村もろつかそん
45430椎葉村しいばそん
45431美郷町みさとちょう2006.0101新設←南郷村，西郷村，北郷村
45440西臼杵郡にしうすきぐん
45441高千穂町たかちほちょう
45442日之影町ひのかげちょう
45443五ヶ瀬町ごかせちょう
市町村コード改廃支庁市郡区町村ふりがな変更
46201鹿児島市かごしまし
46203鹿屋市かのやし
46204枕崎市まくらざきし
46206阿久根市あくねし
46208出水市いずみし
46210指宿市いぶすきし
46213西之表市にしのおもてし
46214垂水市たるみずし
46215薩摩川内市さつませんだいし2004.1012新設←川内市；樋脇町，入来町，東郷町，祁答院町，里村，上甑村，下甑村，鹿島村
46216日置市ひおきし2005.0501新設←東市来町，伊集院町，日吉町，吹上町
46217曽於市そおし2005.0701新設←大隅町，財部町，末吉町
46218霧島市きりしまし2005.1107新設←国分市；溝辺町，横川町，牧園町，霧島町，隼人町，福山町
46219いちき串木野市いちきくしきのし2005.1011新設←串木野市，市来町
46220南さつま市みなみさつまし2005.1107新設←加世田市，笠沙町，大浦町，坊津町，金峰町
46221志布志市しぶしし2006.0101新設←松山町，志布志町，有明町
46222奄美市あまみし2006.0320新設←名瀬市，住用村，笠利町
46223南九州市みなみきゅうしゅうし2007.1201新設←頴娃町，知覧町，川辺町
46224伊佐市いさし2008.1101新設←大口市，菱刈町
46225姶良市あいらし2010.0323新設←加治木町，姶良町，蒲生町
46300鹿児島郡かごしまぐん
46303三島村みしまむら1973.0401新設←大島郡
46304十島村としまむら1973.0401新設←大島郡
46380薩摩郡さつまぐん
46392さつま町さつまちょう2005.0322新設←宮之城町，鶴田町，薩摩町
46400出水郡いずみぐん
46404長島町ながしまちょう
46440姶良郡あいらぐん
46452湧水町ゆうすいちょう2005.0322新設←栗野町，吉松町
46460曽於郡そおぐん1972.0401改称←囎唹郡
46468大崎町おおさきちょう
46480肝属郡きもつきぐん
46482東串良町ひがしくしらちょう
46490錦江町きんこうちょう2005.0322新設←大根占町，田代町
46491南大隅町みなみおおすみちょう2005.0331新設←根占町，佐多町
46492肝付町きもつきちょう2005.0701新設←内之浦町，高山町
46500熊毛郡くまげぐん
46501中種子町なかたねちょう
46502南種子町みなみたねちょう
46505屋久島町やくしまちょう2007.1001新設←上屋久町，屋久町
46520大島郡おおしまぐん
46523大和村やまとそん
46524宇検村うけんそん
46525瀬戸内町せとうちちょう
46527龍郷町たつごうちょう1975.0210町制←龍郷村
46529喜界町きかいちょう
46530徳之島町とくのしまちょう
46531天城町あまぎちょう
46532伊仙町いせんちょう
46533和泊町わどまりちょう
46534知名町ちなちょう
46535与論町よろんちょう
市町村コード改廃支庁市郡区町村ふりがな変更
47201那覇市なはし
47205宜野湾市ぎのわんし
47207石垣市いしがきし
47208浦添市うらそえし1970.0701新設←浦添村
47209名護市なごし1970.0801新設←羽地村，屋我地村，屋部村，名護町，久志村
47210糸満市いとまんし1971.1201新設←糸満町
47211沖縄市おきなわし1974.0401新設←コザ市，美里村
47212豊見城市とみぐすくし2002.0401新設←豊見城村
47213うるま市うるまし2005.0401新設←石川市，具志川市，与那城町，勝連町
47214宮古島市みやこじまし2005.1001新設←平良市，城辺町，下地町，上野村，伊良部町
47215南城市なんじょうし2006.0101新設←玉城村，知念村，佐敷町，大里村
47300国頭郡くにがみぐん
47301国頭村くにがみそん
47302大宜味村おおぎみそん
47303東村ひがしそん
47306今帰仁村なきじんそん
47308本部町もとぶちょう
47311恩納村おんなそん
47313宜野座村ぎのざそん
47314金武町きんちょう1980.0401町制←金武村
47315伊江村いえそん
47320中頭郡なかがみぐん
47324読谷村よみたんそん
47325嘉手納町かでなちょう1976.0101町制←嘉手納村
47326北谷町ちゃたんちょう1980.0401町制←北谷村
47327北中城村きたなかぐすくそん
47328中城村なかぐすくそん
47329西原町にしはらちょう1979.0401町制←西原村
47340島尻郡しまじりぐん
47348与那原町よなばるちょう
47350南風原町はえばるちょう1980.0401町制←南風原村
47353渡嘉敷村とかしきそん
47354座間味村ざまみそん
47355粟国村あぐにそん
47356渡名喜村となきそん
47357南大東村みなみだいとうそん
47358北大東村きただいとうそん
47359伊平屋村いへやそん1972.0607新設←国頭郡
47360伊是名村いぜなそん1972.0607新設←国頭郡
47361久米島町くめじまちょう2002.0401新設←仲里村，具志川村
47362八重瀬町やえせちょう2006.0101新設←東風平町，具志頭村
47370宮古郡みやこぐん
47375多良間村たらまそん
47380八重山郡やえやまぐん
47381竹富町たけとみちょう
47382与那国町よなぐにちょう
